{
  "regimes": [
    {
      "beta": [
        -1.3410422820206915,
        -1.3971182803907338,
        -1.5216639763616389,
        -3.9360044691937164,
        -4.3313342009622975
      ],
      "sigmas": [
        0.32254976180889666,
        0.345004306928911,
        0.36964620427381517,
        0.28773968640552544,
        0.3191018815128221
      ],
      "R": [
        [
          1.0,
          0.9295938917756238,
          0.8888260125785509,
          0.46716158269882474,
          0.47245900316220746
        ],
        [
          0.9295938917756238,
          1.0,
          0.9585616506318289,
          0.4843629092256827,
          0.49172568802290284
        ],
        [
          0.8888260125785509,
          0.9585616506318289,
          1.0,
          0.43777876424185486,
          0.4501979594430576
        ],
        [
          0.46716158269882474,
          0.4843629092256827,
          0.43777876424185486,
          1.0,
          0.7660579507562175
        ],
        [
          0.47245900316220746,
          0.49172568802290284,
          0.4501979594430576,
          0.7660579507562175,
          1.0
        ]
      ]
    },
    {
      "beta": [
        11.021544783372185,
        11.500653180007266,
        8.881869751279057,
        9.21212233700995,
        12.317951428258413
      ],
      "sigmas": [
        0.11853843837081679,
        0.13010738858596524,
        0.1465574572176652,
        0.1228214747070295,
        0.13053447218277628
      ],
      "R": [
        [
          1.0,
          0.8688590566807644,
          0.8135744399822247,
          0.3826918897736189,
          0.3517973095938283
        ],
        [
          0.8688590566807644,
          1.0,
          0.9233018637139083,
          0.39109625684928456,
          0.3784804945994742
        ],
        [
          0.8135744399822247,
          0.9233018637139083,
          1.0,
          0.377673028024475,
          0.36750775380208334
        ],
        [
          0.3826918897736189,
          0.39109625684928456,
          0.377673028024475,
          1.0,
          0.5761797937163113
        ],
        [
          0.3517973095938283,
          0.3784804945994742,
          0.36750775380208334,
          0.5761797937163113,
          1.0
        ]
      ]
    }
  ],
  "P": [
    [
      0.8726925023644581,
      0.12730749763554194
    ],
    [
      0.030074741310935033,
      0.9699252586890649
    ]
  ],
  "dt": 0.003968253968253968
}