{
  "regimes": [
    {
      "beta": [
        -0.9986905224429377,
        -1.1182217341898038,
        -1.3742960084743012,
        -3.2122608658916705,
        -4.00272189971415
      ],
      "sigmas": [
        0.3381651975459373,
        0.36036315035795713,
        0.38499428387072293,
        0.29959282817262994,
        0.3414259862256706
      ],
      "R": [
        [
          1.0,
          0.927626279040158,
          0.8859669666801155,
          0.4594263074684843,
          0.4794249450698652
        ],
        [
          0.927626279040158,
          1.0,
          0.9571166570487822,
          0.47297866982530423,
          0.49961904366312604
        ],
        [
          0.8859669666801155,
          0.9571166570487822,
          1.0,
          0.4215599054801356,
          0.4588242591256099
        ],
        [
          0.4594263074684843,
          0.47297866982530423,
          0.4215599054801356,
          1.0,
          0.7719768901234916
        ],
        [
          0.4794249450698652,
          0.49961904366312604,
          0.4588242591256099,
          0.7719768901234916,
          1.0
        ]
      ]
    },
    {
      "beta": [
        8.657880926756025,
        10.950849884830765,
        9.058172928884705,
        8.30104802276922,
        14.370401823831951
      ],
      "sigmas": [
        0.12606993258809593,
        0.13416929618407197,
        0.14565979722693717,
        0.1262513600483507,
        0.13225215320902103
      ],
      "R": [
        [
          1.0,
          0.8557742804076018,
          0.7932750736510165,
          0.3219597874902116,
          0.3180652851120539
        ],
        [
          0.8557742804076018,
          1.0,
          0.9129516917427593,
          0.3439271424199881,
          0.3569884177300383
        ],
        [
          0.7932750736510165,
          0.9129516917427593,
          1.0,
          0.34116456554739105,
          0.35490206781154576
        ],
        [
          0.3219597874902116,
          0.3439271424199881,
          0.34116456554739105,
          1.0,
          0.5160788048155299
        ],
        [
          0.3180652851120539,
          0.3569884177300383,
          0.35490206781154576,
          0.5160788048155299,
          1.0
        ]
      ]
    }
  ],
  "P": [
    [
      0.8874434352500675,
      0.11255656474993249
    ],
    [
      0.02739698618219304,
      0.972603013817807
    ]
  ],
  "dt": 0.003968253968253968
}