{
  "N_ASSETS": 5,
  "target_choices": [
    0.02,
    0.04,
    0.06,
    0.08
  ],
  "regimes": [
    {
      "beta": [
        -0.9986905224429377,
        -1.1182217341898038,
        -1.3742960084743012,
        -3.2122608658916705,
        -4.00272189971415
      ],
      "sigmas": [
        0.3381651975459373,
        0.36036315035795713,
        0.38499428387072293,
        0.29959282817262994,
        0.3414259862256706
      ]
    },
    {
      "beta": [
        8.657880926756025,
        10.950849884830765,
        9.058172928884705,
        8.30104802276922,
        14.370401823831951
      ],
      "sigmas": [
        0.12606993258809593,
        0.13416929618407197,
        0.14565979722693717,
        0.1262513600483507,
        0.13225215320902103
      ]
    }
  ],
  "P": [
    [
      0.8874434352500675,
      0.11255656474993249
    ],
    [
      0.02739698618219304,
      0.972603013817807
    ]
  ],
  "stages": [
    [
      [
        0.9
      ],
      6,
      32,
      0.02
    ],
    [
      [
        0.95
      ],
      8,
      32,
      0.015
    ],
    [
      [
        0.99,
        0.995
      ],
      10,
      48,
      0.012
    ],
    [
      [
        0.995,
        0.999,
        1.0
      ],
      12,
      48,
      0.01
    ]
  ]
}