{
  "N_ASSETS": 5,
  "target_choices": [
    0.02,
    0.04,
    0.06,
    0.08
  ],
  "regimes": [
    {
      "beta": [
        -1.3410422820206915,
        -1.3971182803907338,
        -1.5216639763616389,
        -3.9360044691937164,
        -4.3313342009622975
      ],
      "sigmas": [
        0.32254976180889666,
        0.345004306928911,
        0.36964620427381517,
        0.28773968640552544,
        0.3191018815128221
      ]
    },
    {
      "beta": [
        11.021544783372185,
        11.500653180007266,
        8.881869751279057,
        9.21212233700995,
        12.317951428258413
      ],
      "sigmas": [
        0.11853843837081679,
        0.13010738858596524,
        0.1465574572176652,
        0.1228214747070295,
        0.13053447218277628
      ]
    }
  ],
  "P": [
    [
      0.8726925023644581,
      0.12730749763554194
    ],
    [
      0.030074741310935033,
      0.9699252586890649
    ]
  ],
  "stages": [
    [
      [
        0.9
      ],
      6,
      32,
      0.02
    ],
    [
      [
        0.95
      ],
      8,
      32,
      0.015
    ],
    [
      [
        0.99,
        0.995
      ],
      10,
      48,
      0.012
    ],
    [
      [
        0.995,
        0.999,
        1.0
      ],
      12,
      48,
      0.01
    ]
  ]
}